{
  "JAX_167_021_RGB.png": {
    "K": [
      5394087.278831795,
      -36242.94054340574,
      87523.18151704072,
      0.0,
      0.0,
      4924843.442849206,
      2173563.9986319593,
      0.0,
      0.0,
      0.0,
      1.0,
      0.0,
      0.0,
      0.0,
      0.0,
      1.0
    ],
    "W2C": [
      0.846530982930019,
      -0.002261754357043594,
      0.5323346498273094,
      -36721.18581831917,
      -0.14272781451085176,
      -0.9643427333399208,
      0.2228718547045505,
      -851854.1698179259,
      0.5128489698775768,
      -0.264646891388731,
      -0.8166688171920058,
      1931052.298719434,
      0.0,
      0.0,
      0.0,
      1.0
    ],
    "img_size": [
      2048,
      2048
    ]
  },
  "JAX_167_020_RGB.png": {
    "K": [
      5422269.629512505,
      105157.12955429718,
      -254645.78576656376,
      0.0,
      0.0,
      5014193.381981781,
      2042471.191809962,
      0.0,
      0.0,
      0.0,
      1.0,
      0.0,
      0.0,
      0.0,
      0.0,
      1.0
    ],
    "W2C": [
      0.9182078947485625,
      0.0034917748591067332,
      0.3960834123385453,
      101871.75154130453,
      -0.1133026637534229,
      -0.9558631446592529,
      0.27108698801031167,
      -753639.2457450414,
      0.3795481107946549,
      -0.29379151824117966,
      -0.8772854583325493,
      1851102.5997240657,
      0.0,
      0.0,
      0.0,
      1.0
    ],
    "img_size": [
      2048,
      2048
    ]
  },
  "JAX_167_003_RGB.png": {
    "K": [
      4719664.538001797,
      -25067.146113458457,
      288390.89536151907,
      0.0,
      0.0,
      4706908.288458349,
      417602.0701640435,
      0.0,
      0.0,
      0.0,
      1.0,
      0.0,
      0.0,
      0.0,
      0.0,
      1.0
    ],
    "W2C": [
      0.9848208128226632,
      -0.01431863622060464,
      -0.17298249416658018,
      -94101.13758779057,
      -0.04112434728344314,
      -0.9874643178900026,
      -0.15239097399302257,
      -135738.74243286718,
      -0.1686320096892038,
      0.1571915950387085,
      -0.9730642567463708,
      1533860.5966201755,
      0.0,
      0.0,
      0.0,
      1.0
    ],
    "img_size": [
      2048,
      2048
    ]
  },
  "JAX_167_006_RGB.png": {
    "K": [
      4513970.646455174,
      82096.22156578573,
      281081.1368212225,
      0.0,
      0.0,
      4328070.646545925,
      -1311936.151076298,
      0.0,
      0.0,
      0.0,
      1.0,
      0.0,
      0.0,
      0.0,
      0.0,
      1.0
    ],
    "W2C": [
      0.9915701112954615,
      0.013274930065196752,
      -0.1288894511481458,
      -97519.92968973958,
      0.0011140539439145692,
      -0.9955745682930683,
      -0.0939682810946367,
      437924.8596817837,
      -0.12956648204422386,
      0.09303254914187156,
      -0.9871967744734831,
      1443618.6259806473,
      0.0,
      0.0,
      0.0,
      1.0
    ],
    "img_size": [
      2048,
      2048
    ]
  },
  "JAX_167_010_RGB.png": {
    "K": [
      3001302.338987674,
      159564.29592745556,
      -347872.7120989407,
      0.0,
      0.0,
      2756686.4591823625,
      1231966.2552445335,
      0.0,
      0.0,
      0.0,
      1.0,
      0.0,
      0.0,
      0.0,
      0.0,
      1.0
    ],
    "W2C": [
      0.9912222797636313,
      0.06311175613975145,
      0.11616926588881389,
      151508.04585694082,
      0.07331378878510889,
      -0.9936156961628994,
      -0.08574926654315632,
      -483290.7280776019,
      0.11001581919961255,
      0.09351339249366034,
      -0.9895209775190037,
      1082387.1762903812,
      0.0,
      0.0,
      0.0,
      1.0
    ],
    "img_size": [
      2048,
      2048
    ]
  },
  "JAX_167_014_RGB.png": {
    "K": [
      1209134.9886704155,
      1540.8484358474866,
      21777.876908107024,
      0.0,
      0.0,
      1205534.6970787852,
      -113851.47906876459,
      0.0,
      0.0,
      0.0,
      1.0,
      0.0,
      0.0,
      0.0,
      0.0,
      1.0
    ],
    "W2C": [
      0.9169725966344615,
      -0.0031914389299008694,
      0.3989374283506248,
      -6953.38110873506,
      0.06509062969557455,
      -0.9853721107654414,
      -0.15749607376532387,
      38201.1412189306,
      0.39360445493831336,
      0.17038667214079703,
      -0.9033514902901847,
      400852.2177324144,
      0.0,
      0.0,
      0.0,
      1.0
    ],
    "img_size": [
      2048,
      2048
    ]
  },
  "JAX_167_019_RGB.png": {
    "K": [
      5163781.369941152,
      23657.1946774006,
      343697.3051285461,
      0.0,
      0.0,
      5161048.185554602,
      -347210.02617511555,
      0.0,
      0.0,
      0.0,
      1.0,
      0.0,
      0.0,
      0.0,
      0.0,
      1.0
    ],
    "W2C": [
      0.9904317256647169,
      -0.004740771282210643,
      -0.13792215878697894,
      -108665.25590662194,
      -0.02444171933552032,
      -0.9896362366811626,
      -0.14150166572683828,
      109992.301234785,
      -0.13582193914362478,
      0.14351879366548476,
      -0.9802829982775738,
      1630104.228607293,
      0.0,
      0.0,
      0.0,
      1.0
    ],
    "img_size": [
      2048,
      2048
    ]
  },
  "JAX_167_005_RGB.png": {
    "K": [
      5376833.4004435185,
      28682.27395172663,
      414937.4536254191,
      0.0,
      0.0,
      5379517.7199064195,
      -383545.5753215675,
      0.0,
      0.0,
      0.0,
      1.0,
      0.0,
      0.0,
      0.0,
      0.0,
      1.0
    ],
    "W2C": [
      0.9765081179954838,
      -0.007957707468777993,
      -0.21533362575491946,
      -134358.90772524555,
      -0.046874250388937874,
      -0.9832318440388931,
      -0.17623264600621796,
      124176.71859800676,
      -0.21032047009122415,
      0.18218621177169014,
      -0.9605068891480621,
      1736958.0601660071,
      0.0,
      0.0,
      0.0,
      1.0
    ],
    "img_size": [
      2048,
      2048
    ]
  },
  "JAX_167_023_RGB.png": {
    "K": [
      3905652.6499067494,
      76297.50298293437,
      -281591.5755694698,
      0.0,
      0.0,
      3780547.423461392,
      1005025.6648095817,
      0.0,
      0.0,
      0.0,
      1.0,
      0.0,
      0.0,
      0.0,
      0.0,
      1.0
    ],
    "W2C": [
      0.9884767344424731,
      0.025304245585515053,
      -0.14924289135932917,
      98650.49052756713,
      0.014142279814048926,
      -0.9970543527338228,
      -0.07538311227456228,
      -337810.48349381797,
      -0.1507107872303961,
      0.07240381792340828,
      -0.9859228903735362,
      1272093.5435872276,
      0.0,
      0.0,
      0.0,
      1.0
    ],
    "img_size": [
      2048,
      2048
    ]
  },
  "JAX_167_018_RGB.png": {
    "K": [
      4973218.291753684,
      10829.325500574305,
      -128402.90794698062,
      0.0,
      0.0,
      4948702.162412486,
      432098.2047173751,
      0.0,
      0.0,
      0.0,
      1.0,
      0.0,
      0.0,
      0.0,
      0.0,
      1.0
    ],
    "W2C": [
      0.9972123741641059,
      0.0009030422758738977,
      0.07461008865183882,
      40375.51858199857,
      -0.002397194975046705,
      -0.9990228444751269,
      0.04413173090961437,
      -134188.45930492296,
      0.07457703581022025,
      -0.04418756308595197,
      -0.9962357778148137,
      1540492.2143234757,
      0.0,
      0.0,
      0.0,
      1.0
    ],
    "img_size": [
      2048,
      2048
    ]
  },
  "JAX_167_004_RGB.png": {
    "K": [
      4992666.920964241,
      30191.54045272995,
      -177713.57149852693,
      0.0,
      0.0,
      4926013.407940259,
      787701.4907297227,
      0.0,
      0.0,
      0.0,
      1.0,
      0.0,
      0.0,
      0.0,
      0.0,
      1.0
    ],
    "W2C": [
      0.9950490359132022,
      -8.455194889326386e-05,
      0.0993851547222964,
      57003.56938217151,
      -0.015191432739534688,
      -0.9883778072297259,
      0.15125650580083713,
      -247640.35572613706,
      0.09821729226326213,
      -0.1520174431659947,
      -0.9834856686671885,
      1550671.0034615053,
      0.0,
      0.0,
      0.0,
      1.0
    ],